Workbook

Sheet Cover
B2: CORRECTIVE & PREVENTIVE ACTION (CAPA)
B4: Comprehensive Management of Nonconformities, Incidents & Root Causes — ISO 9001 / 14001 / 45001
B6: Organization Profile
B7: Organization | C7: [Enter organization]
B8: Site / Location | C8: [Enter site]
B9: Management Representative | C9: [Name]
B10: Reporting Period | C10: [YYYY-MM-DD to YYYY-MM-DD]
B11: Standards in Scope | C11: ISO 9001 · ISO 14001 · ISO 45001
B12: Document Owner | C12: Quality, HSE & Compliance
B13: Revision | C13: Rev 1.0 — June 2026
B16: Workbook Contents
B17: 1. Dashboard | C17: Live KPIs, status, source mix, ISO clause heatmap
B18: 2. NC & Incident Log | C18: Master register of nonconformities, incidents, audit findings, complaints
B19: 3. Root Cause Analysis | C19: 5-Why, Fishbone (6M), Pareto linkage per CAPA
B20: 4. CAPA Register | C20: Corrective & preventive actions with owners, dates, verification
B21: 5. Effectiveness Review | C21: Post-implementation verification & closure approval
B22: 6. Recurrence Tracker | C22: Repeat NC/incident detection by category & clause
B23: 7. ISO Clause Mapping | C23: Linkage to 9001/14001/45001 clauses 4–10
B24: 8. Cost of Poor Quality | C24: Direct, indirect, and prevention cost capture
B25: 9. Lessons Learned | C25: Knowledge capture for institutional learning
B26: 10. Reference Guide | C26: Procedure, definitions, RACI, escalation matrix
B28: Confidential — for internal management system use only.

Sheet Dashboard
A1: CAPA MANAGEMENT DASHBOARD
A2: Live indicators from the NC Log and CAPA Register.
B5: Total NCs Logged | D5: Open CAPAs | F5: Overdue | H5: Closed
B6: =COUNTA('NC & Incident Log'!A4:A60) -> 5 | D6: =COUNTIF('CAPA Register'!O4:O50,"Open")+COUNTIF('CAPA Register'!O4:O50,"In Progress") -> 4 | F6: =COUNTIF('CAPA Register'!O4:O50,"Overdue") -> 0 | H6: =COUNTIF('CAPA Register'!O4:O50,"Closed") -> 0
B9: Effective CAPAs | D9: Recurrence Items | F9: High Risk NCs (≥15) | H9: Total COPQ (₦)
B10: =COUNTIF('Effectiveness Review'!J4:J40,"Effective") -> 2 | D10: =COUNTIF('NC & Incident Log'!R4:R60,"Yes") -> 1 | F10: =COUNTIF('NC & Incident Log'!L4:L60,">=15") -> 1 | H10: =IFERROR('Cost of Poor Quality'!H31,0) -> 7340000
A13: Status Breakdown
B14: Status | C14: Count | E14: Source | F14: Count | H14: Standard | I14: Count
B15: Open | C15: =COUNTIF('CAPA Register'!O4:O50,"Open") -> 2 | E15: Internal Audit | F15: =COUNTIF('NC & Incident Log'!C4:C60,"Internal Audit") -> 2 | H15: ISO 9001 | I15: =COUNTIF('NC & Incident Log'!E4:E60,"ISO 9001") -> 2
B16: In Progress | C16: =COUNTIF('CAPA Register'!O4:O50,"In Progress") -> 2 | E16: External Audit | F16: =COUNTIF('NC & Incident Log'!C4:C60,"External Audit") -> 0 | H16: ISO 14001 | I16: =COUNTIF('NC & Incident Log'!E4:E60,"ISO 14001") -> 2
B17: Pending Verification | C17: =COUNTIF('CAPA Register'!O4:O50,"Pending Verification") -> 1 | E17: Incident | F17: =COUNTIF('NC & Incident Log'!C4:C60,"Incident") -> 1 | H17: ISO 45001 | I17: =COUNTIF('NC & Incident Log'!E4:E60,"ISO 45001") -> 1
B18: Closed | C18: =COUNTIF('CAPA Register'!O4:O50,"Closed") -> 0 | E18: Near Miss | F18: =COUNTIF('NC & Incident Log'!C4:C60,"Near Miss") -> 0 | H18: Integrated | I18: =COUNTIF('NC & Incident Log'!E4:E60,"Integrated") -> 0
B19: Overdue | C19: =COUNTIF('CAPA Register'!O4:O50,"Overdue") -> 0 | E19: Customer Complaint | F19: =COUNTIF('NC & Incident Log'!C4:C60,"Customer Complaint") -> 1
B20: Cancelled | C20: =COUNTIF('CAPA Register'!O4:O50,"Cancelled") -> 0 | E20: Inspection | F20: =COUNTIF('NC & Incident Log'!C4:C60,"Inspection") -> 1

Sheet NC & Incident Log
A1: NC & INCIDENT LOG — Master Register
A2: Capture every nonconformity, incident, audit finding, customer complaint, or near miss.
A3: NC ID | B3: Date Raised | C3: Source | D3: Type | E3: Standard | F3: Clause | G3: Site/Process | H3: Description | I3: Immediate Containment | J3: Severity (1-5) | K3: Likelihood (1-5) | L3: Risk Score | M3: Reported By | N3: Assigned Owner | O3: Target Closure | P3: Status | Q3: Linked CAPA ID | R3: Recurrence?
A4: NC-001 | B4: 2026-05-12 | C4: Internal Audit | D4: Major NC | E4: ISO 9001 | F4: 8.5 | G4: Production Line A | H4: Calibration of torque wrench expired 45 days prior to use on critical assembly. | I4: Quarantined batch; recalibrated tool. | J4: 4 | K4: 4 | L4: =J4*K4 -> 16 | M4: J. Adeyemi | N4: O. Bello | O4: 2026-06-30 | P4: In Progress | Q4: CAPA-001 | R4: No
A5: NC-002 | B5: 2026-05-18 | C5: Incident | D5: Minor NC | E5: ISO 45001 | F5: 8.1.2 | G5: Warehouse | H5: Forklift near miss with pedestrian at blind corner. | I5: Cordoned area; toolbox talk issued. | J5: 3 | K5: 4 | L5: =J5*K5 -> 12 | M5: S. Musa | N5: T. Okafor | O5: 2026-06-15 | P5: Open | Q5: CAPA-002 | R5: Yes
A6: NC-003 | B6: 2026-05-22 | C6: Customer Complaint | D6: Major NC | E6: ISO 9001 | F6: 8.7 | G6: Dispatch | H6: Wrong product variant shipped to key account. | I6: Recalled shipment; replacement dispatched. | J6: 4 | K6: 3 | L6: =J6*K6 -> 12 | M6: Customer Care | N6: C. Eze | O6: 2026-06-10 | P6: In Progress | Q6: CAPA-003 | R6: No
A7: NC-004 | B7: 2026-05-28 | C7: Inspection | D7: Observation | E7: ISO 14001 | F7: 8.1 | G7: Tank Farm | H7: Minor hydrocarbon sheen in containment bund. | I7: Spill kit deployed; bund cleaned. | J7: 2 | K7: 3 | L7: =J7*K7 -> 6 | M7: HSE Team | N7: R. Yusuf | O7: 2026-06-20 | P7: Open | Q7: CAPA-004 | R7: No
A8: NC-005 | B8: 2026-06-01 | C8: Internal Audit | D8: Minor NC | E8: ISO 14001 | F8: 6.1.2 | G8: Workshop | H8: Aspects register not updated after new solvent introduction. | I8: Aspect assessed and added. | J8: 2 | K8: 2 | L8: =J8*K8 -> 4 | M8: EMS Coord. | N8: K. Ibrahim | O8: 2026-07-15 | P8: Open | Q8: CAPA-005 | R8: No
L9: =IFERROR(J9*K9,"") -> 0
L10: =IFERROR(J10*K10,"") -> 0
L11: =IFERROR(J11*K11,"") -> 0
L12: =IFERROR(J12*K12,"") -> 0
L13: =IFERROR(J13*K13,"") -> 0
L14: =IFERROR(J14*K14,"") -> 0
L15: =IFERROR(J15*K15,"") -> 0
L16: =IFERROR(J16*K16,"") -> 0
L17: =IFERROR(J17*K17,"") -> 0
L18: =IFERROR(J18*K18,"") -> 0
L19: =IFERROR(J19*K19,"") -> 0
L20: =IFERROR(J20*K20,"") -> 0
... L59: =IFERROR(J59*K59,"") -> 0

Sheet Root Cause Analysis
A1: ROOT CAUSE ANALYSIS — 5-Why & Fishbone (6M)
A2: Complete per CAPA. Use 5-Why for systemic drill-down; Fishbone for category-based exploration.
B4: CAPA ID | C4: [e.g. CAPA-001] | D4: Problem Statement | E4: [Describe the observed problem with facts, location, magnitude]
A6: 5-WHY ANALYSIS — Drill to System-Level Cause
B7: # | C7: Question | E7: Answer / Evidence
B8: Why 1 | C8: Why did the problem occur?
B9: Why 2 | C9: Why did that happen?
B10: Why 3 | C10: Why did that happen?
B11: Why 4 | C11: Why did that happen?
B12: Why 5 | C12: Root system cause?
B14: ROOT CAUSE
A16: FISHBONE (ISHIKAWA) — 6M Categorical Analysis
B17: Category | C17: Probing Prompts | E17: Contributing Causes Identified | H17: Most Likely? (Y/N)
B18: Man (People) | C18: Skills, training, fatigue, communication, awareness
B19: Machine (Equipment) | C19: Reliability, calibration, maintenance, capability
B20: Method (Process) | C20: Procedures, instructions, controls, workflow
B21: Material | C21: Quality, specification, supplier, storage
B22: Measurement | C22: Calibration, criteria, inspection method, data integrity
B23: Mother Nature (Environment) | C23: Weather, layout, lighting, housekeeping, workplace conditions
A25: ROOT CAUSE CONFIRMATION & TECHNIQUE
B26: Confirmed Root Cause
B27: Technique(s) Used
B28: Analysis Team

Sheet CAPA Register
A1: CORRECTIVE & PREVENTIVE ACTION REGISTER
A2: Every CAPA must address (a) immediate correction, (b) root cause elimination, (c) recurrence prevention, and (d) effectiveness verification.
A3: CAPA ID | B3: Linked NC ID | C3: Date Opened | D3: Action Type | E3: Standard | F3: Clause | G3: Root Cause Summary | H3: Corrective Action (Fix) | I3: Preventive Action (Prevent Recurrence) | J3: Action Owner | K3: Resources/Cost (₦) | L3: Target Date | M3: Actual Closure | N3: % Complete | O3: Status | P3: Verification Method | Q3: Verified By | R3: Effective? (Y/N)
A4: CAPA-001 | B4: NC-001 | C4: 2026-05-13 | D4: Corrective + Preventive | E4: ISO 9001 | F4: 8.5 | G4: Calibration schedule not integrated with PM system; manual reminders missed. | H4: Recalibrate tool; verify last 30 assemblies for torque compliance. | I4: Integrate calibration register into CMMS with auto-alerts 30/14/7 days before due. Train tool custodians. | J4: O. Bello | K4: 450000 | L4: 2026-06-30 | N4: 60 | O4: In Progress | P4: Audit re-check + CMMS log review | Q4: QA Manager
A5: CAPA-002 | B5: NC-002 | C5: 2026-05-19 | D5: Preventive | E5: ISO 45001 | F5: 8.1.2 | G5: Inadequate pedestrian/vehicle segregation at warehouse blind corner. | H5: Install convex mirror and audible reverse alarms. | I5: Redesign traffic management plan; add painted walkways, barriers, and proximity sensors. Refresher training for all forklift operators. | J5: T. Okafor | K5: 1200000 | L5: 2026-06-15 | N5: 40 | O5: In Progress | P5: Re-inspection + incident trend (90d) | Q5: HSE Manager
A6: CAPA-003 | B6: NC-003 | C6: 2026-05-23 | D6: Corrective + Preventive | E6: ISO 9001 | F6: 8.7 | G6: Dispatch picking relied on memory; no scan verification at pack-out. | H6: Replace shipment; issue customer apology. | I6: Implement barcode scan-to-pack with mandatory match before label print. Update dispatch SOP and retrain. | J6: C. Eze | K6: 2800000 | L6: 2026-06-10 | N6: 75 | O6: Pending Verification | P6: Customer complaints trend + dispatch error rate | Q6: Operations Director
A7: CAPA-004 | B7: NC-004 | C7: 2026-05-29 | D7: Corrective | E7: ISO 14001 | F7: 8.1 | G7: Drum decanting performed without secondary containment tray. | H7: Clean bund; review aspect register. | I7: Procure decant trays at all draw-off points; update SOP; spill drill quarterly. | J7: R. Yusuf | K7: 350000 | L7: 2026-06-20 | N7: 25 | O7: Open | P7: Site inspection + spill log | Q7: HSE Coordinator
A8: CAPA-005 | B8: NC-005 | C8: 2026-06-02 | D8: Preventive | E8: ISO 14001 | F8: 6.1.2 | G8: No trigger to re-evaluate aspects when new chemicals introduced. | H8: Add solvent to aspect/impact register. | I8: Embed aspect re-evaluation step into Management-of-Change workflow; train MOC owners. | J8: K. Ibrahim | K8: 150000 | L8: 2026-07-15 | N8: 10 | O8: Open | P8: MOC log audit | Q8: EMS Coordinator

Sheet Effectiveness Review
A1: CAPA EFFECTIVENESS VERIFICATION & CLOSURE
A2: No CAPA is closed without documented evidence that the action eliminated the cause AND prevented recurrence.
A3: CAPA ID | B3: Verification Date | C3: Reviewer | D3: Method Applied | E3: Sample/Evidence | F3: Recurrence in Period? (Y/N) | G3: KPI Before | H3: KPI After | I3: Improvement % | J3: Effectiveness Rating | K3: Conclusion | L3: Closure Approved By | M3: Closure Date
A4: CAPA-001 | B4: 2026-08-15 | C4: Internal Auditor | D4: CMMS log audit + 30-tool spot check | E4: 100% calibration alerts triggered; 0 missed in 60d | F4: No | G4: 6 | H4: 0 | I4: =IFERROR((G4-H4)/G4,0) -> 1 | J4: Effective | K4: Recurrence eliminated; integrate into CMMS standard | L4: QA Manager | M4: 2026-08-20
A5: CAPA-003 | B5: 2026-09-01 | C5: Operations | D5: Dispatch error analytics dashboard | E5: Scan-to-pack live; 1,420 shipments without error | F5: No | G5: 4 | H5: 0 | I5: =IFERROR((G5-H5)/G5,0) -> 1 | J5: Effective | K5: Process change embedded | L5: Ops Director | M5: 2026-09-05
I6: =IFERROR((G6-H6)/G6,"")
I7: =IFERROR((G7-H7)/G7,"")
I8: =IFERROR((G8-H8)/G8,"")
I9: =IFERROR((G9-H9)/G9,"")
I10: =IFERROR((G10-H10)/G10,"")
I11: =IFERROR((G11-H11)/G11,"")
I12: =IFERROR((G12-H12)/G12,"")
I13: =IFERROR((G13-H13)/G13,"")
I14: =IFERROR((G14-H14)/G14,"")
I15: =IFERROR((G15-H15)/G15,"")
I16: =IFERROR((G16-H16)/G16,"")
I17: =IFERROR((G17-H17)/G17,"")
... I39: =IFERROR((G39-H39)/G39,"")

Sheet Recurrence Tracker
A1: RECURRENCE TRACKER — Systemic Weakness Detection
A2: Repeat occurrences of the same failure mode indicate weak root-cause analysis or ineffective CAPA. Escalate any item with ≥3 occurrences.
A3: Failure Mode / Category | B3: Standard | C3: Clause | D3: Occurrences (12 mo) | E3: Open CAPAs | F3: Last Occurrence | G3: Trend | H3: Systemic Risk | I3: Action
A4: Calibration / measurement drift | B4: ISO 9001 | C4: 7.1.5 | D4: 4 | E4: 1 | F4: 2026-05-12 | G4: Increasing | H4: High | I4: Move to systemic CAPA; CMMS integration
A5: Pedestrian-vehicle near miss | B5: ISO 45001 | C5: 8.1.2 | D5: 3 | E5: 1 | F5: 2026-05-18 | G5: Stable | H5: High | I5: Redesign traffic plan; barriers
A6: Dispatch wrong-variant | B6: ISO 9001 | C6: 8.7 | D6: 2 | E6: 1 | F6: 2026-05-22 | G6: Decreasing | H6: Medium | I6: Monitor post scan-to-pack rollout
A7: Minor hydrocarbon spill in bund | B7: ISO 14001 | C7: 8.2 | D7: 3 | E7: 1 | F7: 2026-05-28 | G7: Stable | H7: Medium | I7: Decant trays site-wide; quarterly drill
A8: Aspect register not updated on MOC | B8: ISO 14001 | C8: 6.1.2 | D8: 2 | E8: 1 | F8: 2026-06-01 | G8: New | H8: Medium | I8: Embed MOC trigger
A9: PPE compliance lapse | B9: ISO 45001 | C9: 8.1 | D9: 5 | E9: 0 | F9: 2026-04-22 | G9: Stable | H9: High | I9: Behavioural safety programme
A10: Document version control failure | B10: ISO 9001 | C10: 7.5.3 | D10: 2 | E10: 0 | F10: 2026-03-15 | G10: Decreasing | H10: Low | I10: Monitor
A13: PARETO — Vital Few Categories Driving 80% of Issues
A14: Category | B14: Count | C14: Cumulative %
A15: PPE compliance lapse | B15: 5 | C15: 0.23809524
A16: Calibration / measurement drift | B16: 4 | C16: 0.42857143
A17: Pedestrian-vehicle near miss | B17: 3 | C17: 0.57142857
A18: Minor hydrocarbon spill in bund | B18: 3 | C18: 0.71428571
A19: Dispatch wrong-variant | B19: 2 | C19: 0.80952381
A20: Aspect register not updated on MOC | B20: 2 | C20: 0.9047619
A21: Document version control failure | B21: 2 | C21: 1

Sheet ISO Clause Mapping
A1: CAPA — ISO CLAUSE MAPPING (9001 / 14001 / 45001)
A2: Every NC/incident is anchored to a clause. Use to demonstrate coverage in audits and management review.
A3: Clause | B3: Title | C3: ISO 9001 | D3: ISO 14001 | E3: ISO 45001 | F3: Typical NC/Incident Triggers | G3: CAPA Linkage
A4: 4.1 | B4: Context of the organization | C4: ✓ | D4: ✓ | E4: ✓ | F4: Strategic shifts unaddressed; missed external/internal issue | G4: CAPA reviews update context
A5: 4.2 | B5: Needs of interested parties | C5: ✓ | D5: ✓ | E5: ✓ | F5: Stakeholder requirement missed | G5: Update register; communication CAPA
A6: 5.1 | B6: Leadership & commitment | C6: ✓ | D6: ✓ | E6: ✓ | F6: Lack of visible leadership in incident response | G6: Leadership engagement plan
A7: 6.1 | B7: Risks & opportunities / Aspects / Hazards | C7: ✓ | D7: ✓ | E7: ✓ | F7: Unidentified risk → incident | G7: Risk re-assessment CAPA
A8: 6.1.2 | B8: Environmental aspects | D8: ✓ | F8: Aspect not evaluated on change | G8: MOC integration
A9: 6.1.2 | B9: Hazard identification | E9: ✓ | F9: Hazard missed in JSA | G9: JSA refresh; training
A10: 7.1.5 | B10: Monitoring & measurement resources | C10: ✓ | D10: ✓ | E10: ✓ | F10: Calibration / measurement drift | G10: Calibration system CAPA
A11: 7.2 | B11: Competence | C11: ✓ | D11: ✓ | E11: ✓ | F11: Untrained personnel cause NC | G11: Competency CAPA
A12: 7.5 | B12: Documented information | C12: ✓ | D12: ✓ | E12: ✓ | F12: Wrong document version in use | G12: Document control CAPA
A13: 8.1 | B13: Operational planning & control | C13: ✓ | D13: ✓ | E13: ✓ | F13: Process executed outside controls | G13: Process control CAPA
A14: 8.2 | B14: Emergency preparedness | D14: ✓ | E14: ✓ | F14: Spill / fire / evacuation gaps | G14: Drill & response CAPA
A15: 8.4 | B15: External providers | C15: ✓ | F15: Supplier non-conformance | G15: Supplier CAPA
A16: 8.5 | B16: Production / service provision | C16: ✓ | F16: Process deviation | G16: SOP & control CAPA
A17: 8.7 | B17: Nonconforming outputs | C17: ✓ | F17: Wrong product released | G17: Containment & recurrence CAPA
A18: 9.1 | B18: Monitoring & evaluation | C18: ✓ | D18: ✓ | E18: ✓ | F18: KPI miss / data integrity | G18: KPI review CAPA
A19: 9.1.2 | B19: Customer satisfaction | C19: ✓ | F19: Repeat complaint | G19: Customer experience CAPA
A20: 9.1.2 | B20: Evaluation of compliance | D20: ✓ | E20: ✓ | F20: Regulatory breach | G20: Compliance CAPA
A21: 9.2 | B21: Internal audit | C21: ✓ | D21: ✓ | E21: ✓ | F21: Audit programme gap | G21: Programme revision
A22: 9.3 | B22: Management review | C22: ✓ | D22: ✓ | E22: ✓ | F22: Action not assigned/tracked | G22: MR action register
A23: 10.1 | B23: Improvement — general | C23: ✓ | D23: ✓ | E23: ✓ | F23: No improvement evidence | G23: Improvement portfolio
A24: 10.2 | B24: NC & corrective action | C24: ✓ | D24: ✓ | E24: ✓ | F24: Recurring NCs / weak RCA | G24: CAPA process upgrade
A25: 10.3 | B25: Continual improvement | C25: ✓ | D25: ✓ | E25: ✓ | F25: Plateau in KPIs | G25: Strategic improvement CAPA

Sheet Cost of Poor Quality
A1: COST OF POOR QUALITY (COPQ) — Financial Impact of NCs & Incidents
A2: Quantify true cost: internal/external failure, appraisal (detection), and prevention investment.
A3: NC/CAPA ID | B3: Category | C3: Description | D3: Internal Failure (₦) | E3: External Failure (₦) | F3: Appraisal (₦) | G3: Prevention (₦) | H3: Total (₦)
A4: CAPA-001 | B4: Internal failure | C4: Rework + production halt for tool recalibration | D4: 380000 | E4: 0 | F4: 40000 | G4: 450000 | H4: =SUM(D4:G4) -> 870000
A5: CAPA-002 | B5: Prevention | C5: Traffic management redesign and training | D5: 0 | E5: 0 | F5: 0 | G5: 1200000 | H5: =SUM(D5:G5) -> 1200000
A6: CAPA-003 | B6: External failure | C6: Recall, replacement shipment, customer credit | D6: 0 | E6: 1850000 | F6: 0 | G6: 2800000 | H6: =SUM(D6:G6) -> 4650000
A7: CAPA-004 | B7: Internal failure | C7: Spill clean-up materials and labour | D7: 120000 | E7: 0 | F7: 0 | G7: 350000 | H7: =SUM(D7:G7) -> 470000
A8: CAPA-005 | B8: Prevention | C8: MOC integration training and documentation | D8: 0 | E8: 0 | F8: 0 | G8: 150000 | H8: =SUM(D8:G8) -> 150000
H9: =IFERROR(SUM(D9:G9),"") -> 0
H10: =IFERROR(SUM(D10:G10),"") -> 0
H11: =IFERROR(SUM(D11:G11),"") -> 0
H12: =IFERROR(SUM(D12:G12),"") -> 0
H13: =IFERROR(SUM(D13:G13),"") -> 0
H14: =IFERROR(SUM(D14:G14),"") -> 0
H15: =IFERROR(SUM(D15:G15),"") -> 0
H16: =IFERROR(SUM(D16:G16),"") -> 0
H17: =IFERROR(SUM(D17:G17),"") -> 0
H18: =IFERROR(SUM(D18:G18),"") -> 0
H19: =IFERROR(SUM(D19:G19),"") -> 0
H20: =IFERROR(SUM(D20:G20),"") -> 0
... H29: =IFERROR(SUM(D29:G29),"") -> 0
A31: TOTAL | D31: =SUM(D4:D29) -> 500000 | E31: =SUM(E4:E29) -> 1850000 | F31: =SUM(F4:F29) -> 40000 | G31: =SUM(G4:G29) -> 4950000 | H31: =SUM(H4:H29) -> 7340000

Sheet Lessons Learned
A1: LESSONS LEARNED — Institutional Knowledge Capture
A2: Convert each closed CAPA into shared organizational learning.
A3: CAPA ID | B3: Date | C3: Theme | D3: What Happened | E3: What We Learned | F3: Knowledge Transfer Action | G3: Audience | H3: Status
A4: CAPA-001 | B4: 2026-08-20 | C4: Asset reliability | D4: Calibration drift caused product release with out-of-spec torque. | E4: Manual calibration tracking fails at scale; integrate with CMMS and trigger alerts. | F4: Add to onboarding for all QA & maintenance staff; case study briefing. | G4: QA, Maintenance, Production | H4: Published
A5: CAPA-003 | B5: 2026-09-05 | C5: Process control | D5: Memory-based dispatch led to wrong-variant shipment to top customer. | E5: Engineer mistakes out via mandatory scan-verification before label print. | F5: Toolbox brief; updated SOP cascade; cross-site rollout. | G5: Logistics, Customer Care | H5: Published

Sheet Reference Guide
A1: CAPA PROCEDURE — REFERENCE GUIDE
A2: Process flow, definitions, RACI and escalation matrix
A4: Process Flow (10 Steps)
B5: Step 1 — Detect & Report | C5: Anyone identifies an NC, incident, near miss, complaint, or audit finding and raises it in the NC Log within 24 hours.
B6: Step 2 — Contain | C6: Immediate correction to protect customer, environment, and people. Document containment in NC Log column 'Immediate Containment'.
B7: Step 3 — Classify & Assess Risk | C7: Classify severity & likelihood; calculate risk score (S×L). Major NC = formal CAPA mandatory.
B8: Step 4 — Investigate (RCA) | C8: Use 5-Why for systemic causes; Fishbone (6M) for categorical exploration; Pareto for trend significance. Confirm root cause with evidence.
B9: Step 5 — Plan CAPA | C9: Define corrective (fix) + preventive (eliminate recurrence) actions, owner, target date, resources, and verification method.
B10: Step 6 — Implement | C10: Execute actions; track % complete and status; update CAPA Register weekly.
B11: Step 7 — Verify Effectiveness | C11: Wait one full cycle (typically 60–90 days); verify with audit, KPI review, sample re-inspection. Record on Effectiveness Review sheet.
B12: Step 8 — Close | C12: Closure approved by Management Representative only if 'Effective'. Otherwise re-open and escalate.
B13: Step 9 — Learn & Share | C13: Convert outcomes into Lessons Learned; update procedures, training, and risk register.
B14: Step 10 — Review | C14: Report CAPA KPIs at Management Review (clause 9.3); track recurrence and COPQ trends.
A16: Key Definitions
B17: Correction | C17: Action to eliminate a detected nonconformity (the symptom).
B18: Corrective Action | C18: Action to eliminate the CAUSE of a nonconformity to prevent recurrence.
B19: Preventive Action | C19: Action to eliminate the cause of a POTENTIAL nonconformity (risk-based thinking).
B20: Nonconformity (NC) | C20: Non-fulfilment of a requirement.
B21: Incident | C21: Occurrence arising from work that could/did result in injury, ill health or environmental harm.
B22: Near Miss | C22: Incident with no injury, harm or loss — but with potential.
B23: Root Cause | C23: Initiating cause of a causal chain that, if removed, prevents recurrence.
B24: Effectiveness | C24: Extent to which planned activities are realized and planned results achieved.
A26: RACI (typical)
B27: Originator | C27: Reports NC/incident, supports investigation
B28: Action Owner | C28: Responsible (R) — executes CAPA
B29: Process Owner | C29: Accountable (A) — owns the outcome
B30: Management Rep / QHSE Manager | C30: Consulted (C) — approves closure
B31: Top Management | C31: Informed (I) — reviews KPIs at Management Review
A33: Escalation Matrix
B34: Risk Score 1–6 (Low) | C34: Action Owner closes within 30 days
B35: Risk Score 8–12 (Medium) | C35: Process Owner reviews weekly; close within 60 days
B36: Risk Score 15–20 (High) | C36: Management Rep reviews; close within 30 days; report at next MR
B37: Risk Score 25 (Critical) / Major NC / Recurring | C37: Escalate to Top Management within 24 hours; formal investigation; root cause review board
